Source,4
Sink,9
Source,Destination,Weight
0,1,12
0,2,32
0,3,63
0,4,60
0,5,99
0,6,23
0,7,49
0,8,48
0,9,46
1,0,1
1,2,80
1,3,6
1,4,18
1,5,34
1,6,29
1,7,9
1,8,35
1,9,72
2,0,22
2,1,38
2,3,18
2,4,36
2,5,99
2,6,69
2,7,23
2,8,62
2,9,2
3,0,62
3,1,36
3,2,81
3,4,73
3,5,63
3,6,70
3,7,41
3,8,65
3,9,82
5,0,7
5,1,91
5,2,93
5,3,76
5,4,9
5,6,95
5,7,21
5,8,84
5,9,80
6,0,73
6,1,22
6,2,3
6,3,69
6,4,39
6,5,12
6,7,12
6,8,40
6,9,21
7,0,22
7,1,59
7,2,71
7,3,15
7,4,60
7,5,55
7,6,2
7,8,37
7,9,30
8,0,27
8,1,14
8,2,100
8,3,59
8,4,53
8,5,71
8,6,64
8,7,97
8,9,42
Source,7
Sink,19
Source,Destination,Weight
0,1,84
0,2,9
0,3,24
0,4,8
0,5,68
0,6,28
0,7,71
0,8,12
0,9,8
0,10,97
0,11,31
0,12,47
0,13,61
0,14,54
0,15,94
0,16,11
0,17,17
0,18,79
0,19,46
1,0,2
1,2,70
1,3,6
1,4,13
1,5,10
1,6,54
1,7,78
1,8,75
1,9,72
1,10,17
1,11,27
1,12,94
1,13,57
1,14,86
1,15,59
1,16,11
1,17,2
1,18,44
1,19,82
2,0,3
2,1,100
2,3,86
2,4,23
2,5,92
2,6,60
2,7,68
2,8,38
2,9,90
2,10,76
2,11,65
2,12,34
2,13,14
2,14,72
2,15,67
2,16,38
2,17,57
2,18,56
2,19,14
3,0,57
3,1,82
3,2,58
3,4,20
3,5,70
3,6,42
3,7,29
3,8,67
3,9,86
3,10,47
3,11,52
3,12,10
3,13,21
3,14,78
3,15,100
3,16,94
3,17,45
3,18,83
3,19,50
4,0,93
4,1,20
4,2,11
4,3,54
4,5,67
4,6,87
4,7,39
4,8,24
4,9,61
4,10,75
4,11,4
4,12,27
4,13,15
4,14,54
4,15,2
4,16,39
4,17,45
4,18,97
4,19,29
5,0,68
5,1,44
5,2,39
5,3,91
5,4,33
5,6,67
5,7,50
5,8,84
5,9,94
5,10,75
5,11,33
5,12,10
5,13,22
5,14,46
5,15,21
5,16,58
5,17,87
5,18,65
5,19,64
6,0,77
6,1,96
6,2,96
6,3,25
6,4,77
6,5,67
6,7,63
6,8,15
6,9,98
6,10,26
6,11,65
6,12,100
6,13,96
6,14,7
6,15,93
6,16,28
6,17,39
6,18,5
6,19,90
8,0,10
8,1,63
8,2,90
8,3,71
8,4,35
8,5,78
8,6,24
8,7,24
8,9,18
8,10,29
8,11,72
8,12,70
8,13,39
8,14,41
8,15,33
8,16,98
8,17,47
8,18,1
8,19,94
9,0,34
9,1,19
9,2,99
9,3,73
9,4,28
9,5,63
9,6,41
9,7,1
9,8,32
9,10,70
9,11,76
9,12,89
9,13,43
9,14,58
9,15,82
9,16,72
9,17,66
9,18,20
9,19,59
10,0,44
10,1,12
10,2,11
10,3,49
10,4,76
10,5,97
10,6,13
10,7,51
10,8,81
10,9,55
10,11,67
10,12,67
10,13,76
10,14,40
10,15,50
10,16,14
10,17,59
10,18,15
10,19,58
11,0,10
11,1,34
11,2,9
11,3,43
11,4,92
11,5,31
11,6,78
11,7,11
11,8,44
11,9,27
11,10,43
11,12,50
11,13,92
11,14,74
11,15,44
11,16,88
11,17,71
11,18,2
11,19,78
12,0,58
12,1,74
12,2,16
12,3,65
12,4,98
12,5,52
12,6,40
12,7,27
12,8,40
12,9,21
12,10,41
12,11,99
12,13,94
12,14,68
12,15,44
12,16,67
12,17,92
12,18,40
12,19,91
13,0,63
13,1,99
13,2,72
13,3,25
13,4,63
13,5,49
13,6,62
13,7,80
13,8,76
13,9,13
13,10,2
13,11,89
13,12,98
13,14,30
13,15,10
13,16,72
13,17,27
13,18,94
13,19,75
14,0,2
14,1,99
14,2,90
14,3,83
14,4,21
14,5,80
14,6,96
14,7,51
14,8,86
14,9,47
14,10,33
14,11,83
14,12,53
14,13,63
14,15,11
14,16,72
14,17,38
14,18,65
14,19,6
15,0,22
15,1,13
15,2,13
15,3,16
15,4,56
15,5,44
15,6,71
15,7,14
15,8,86
15,9,69
15,10,47
15,11,4
15,12,50
15,13,5
15,14,94
15,16,27
15,17,38
15,18,87
15,19,74
16,0,82
16,1,1
16,2,47
16,3,94
16,4,10
16,5,71
16,6,9
16,7,41
16,8,19
16,9,16
16,10,58
16,11,58
16,12,13
16,13,74
16,14,41
16,15,5
16,17,63
16,18,64
16,19,16
17,0,46
17,1,100
17,2,28
17,3,61
17,4,28
17,5,9
17,6,60
17,7,54
17,8,64
17,9,6
17,10,89
17,11,36
17,12,43
17,13,97
17,14,71
17,15,30
17,16,40
17,18,21
17,19,36
18,0,96
18,1,94
18,2,59
18,3,55
18,4,86
18,5,86
18,6,18
18,7,40
18,8,14
18,9,24
18,10,17
18,11,39
18,12,18
18,13,67
18,14,45
18,15,61
18,16,56
18,17,43
18,19,72
Source,12
Sink,16
Source,Destination,Weight
0,1,36
0,2,18
0,3,21
0,4,73
0,5,34
0,6,32
0,7,7
0,8,33
0,9,51
0,10,57
0,11,42
0,12,46
0,13,52
0,14,42
0,15,91
0,16,31
0,17,50
0,18,61
0,19,53
0,20,85
0,21,48
0,22,53
0,23,87
0,24,2
0,25,99
0,26,6
0,27,62
0,28,22
0,29,1
1,0,16
1,2,61
1,3,82
1,4,90
1,5,44
1,6,85
1,7,48
1,8,68
1,9,33
1,10,22
1,11,12
1,12,36
1,13,99
1,14,31
1,15,9
1,16,25
1,17,38
1,18,48
1,19,62
1,20,14
1,21,47
1,22,50
1,23,20
1,24,26
1,25,25
1,26,8
1,27,19
1,28,96
1,29,1
2,0,41
2,1,11
2,3,11
2,4,85
2,5,5
2,6,46
2,7,23
2,8,11
2,9,63
2,10,68
2,11,89
2,12,32
2,13,70
2,14,39
2,15,11
2,16,80
2,17,15
2,18,40
2,19,95
2,20,77
2,21,98
2,22,24
2,23,52
2,24,48
2,25,18
2,26,17
2,27,61
2,28,5
2,29,73
3,0,29
3,1,90
3,2,55
3,4,70
3,5,77
3,6,98
3,7,43
3,8,71
3,9,28
3,10,48
3,11,9
3,12,31
3,13,24
3,14,10
3,15,18
3,16,58
3,17,6
3,18,48
3,19,92
3,20,80
3,21,50
3,22,86
3,23,62
3,24,66
3,25,77
3,26,61
3,27,30
3,28,56
3,29,38
4,0,80
4,1,98
4,2,51
4,3,60
4,5,40
4,6,40
4,7,3
4,8,34
4,9,53
4,10,92
4,11,38
4,12,48
4,13,89
4,14,51
4,15,9
4,16,35
4,17,99
4,18,56
4,19,22
4,20,4
4,21,64
4,22,50
4,23,41
4,24,88
4,25,56
4,26,1
4,27,67
4,28,68
4,29,47
5,0,49
5,1,67
5,2,16
5,3,15
5,4,13
5,6,60
5,7,85
5,8,14
5,9,59
5,10,29
5,11,16
5,12,99
5,13,53
5,14,16
5,15,88
5,16,29
5,17,45
5,18,73
5,19,58
5,20,63
5,21,90
5,22,13
5,23,60
5,24,93
5,25,32
5,26,79
5,27,62
5,28,35
5,29,78
6,0,99
6,1,65
6,2,68
6,3,71
6,4,31
6,5,45
6,7,20
6,8,79
6,9,11
6,10,30
6,11,92
6,12,38
6,13,8
6,14,68
6,15,2
6,16,66
6,17,68
6,18,50
6,19,41
6,20,59
6,21,17
6,22,51
6,23,7
6,24,85
6,25,89
6,26,22
6,27,93
6,28,79
6,29,33
7,0,45
7,1,69
7,2,44
7,3,58
7,4,97
7,5,10
7,6,35
7,8,100
7,9,6
7,10,93
7,11,54
7,12,62
7,13,90
7,14,65
7,15,18
7,16,45
7,17,49
7,18,2
7,19,57
7,20,50
7,21,35
7,22,49
7,23,20
7,24,82
7,25,71
7,26,39
7,27,48
7,28,15
7,29,59
8,0,47
8,1,6
8,2,53
8,3,17
8,4,80
8,5,11
8,6,51
8,7,97
8,9,49
8,10,41
8,11,57
8,12,66
8,13,37
8,14,80
8,15,46
8,16,99
8,17,93
8,18,80
8,19,41
8,20,13
8,21,12
8,22,18
8,23,73
8,24,14
8,25,34
8,26,81
8,27,93
8,28,94
8,29,91
9,0,4
9,1,24
9,2,74
9,3,53
9,4,89
9,5,92
9,6,52
9,7,29
9,8,1
9,10,84
9,11,19
9,12,32
9,13,31
9,14,4
9,15,92
9,16,66
9,17,73
9,18,60
9,19,58
9,20,18
9,21,36
9,22,97
9,23,62
9,24,43
9,25,68
9,26,28
9,27,63
9,28,96
9,29,38
10,0,67
10,1,71
10,2,86
10,3,92
10,4,81
10,5,13
10,6,100
10,7,48
10,8,93
10,9,19
10,11,85
10,12,5
10,13,6
10,14,95
10,15,4
10,16,57
10,17,44
10,18,27
10,19,99
10,20,70
10,21,47
10,22,43
10,23,4
10,24,2
10,25,39
10,26,76
10,27,7
10,28,85
10,29,43
11,0,99
11,1,4
11,2,98
11,3,37
11,4,44
11,5,89
11,6,82
11,7,20
11,8,71
11,9,69
11,10,88
11,12,30
11,13,71
11,14,64
11,15,43
11,16,54
11,17,65
11,18,3
11,19,51
11,20,18
11,21,92
11,22,60
11,23,41
11,24,42
11,25,89
11,26,91
11,27,93
11,28,18
11,29,48
13,0,3
13,1,6
13,2,40
13,3,48
13,4,67
13,5,51
13,6,64
13,7,91
13,8,30
13,9,67
13,10,37
13,11,41
13,12,36
13,14,38
13,15,2
13,16,16
13,17,97
13,18,43
13,19,68
13,20,43
13,21,12
13,22,17
13,23,25
13,24,53
13,25,64
13,26,94
13,27,15
13,28,47
13,29,69
14,0,22
14,1,97
14,2,21
14,3,53
14,4,26
14,5,57
14,6,4
14,7,95
14,8,84
14,9,50
14,10,56
14,11,91
14,12,93
14,13,32
14,15,17
14,16,24
14,17,56
14,18,44
14,19,85
14,20,84
14,21,27
14,22,53
14,23,32
14,24,91
14,25,81
14,26,22
14,27,35
14,28,30
14,29,20
15,0,80
15,1,81
15,2,5
15,3,74
15,4,78
15,5,32
15,6,88
15,7,3
15,8,86
15,9,95
15,10,66
15,11,4
15,12,98
15,13,5
15,14,77
15,16,70
15,17,79
15,18,1
15,19,56
15,20,35
15,21,56
15,22,9
15,23,19
15,24,38
15,25,98
15,26,1
15,27,28
15,28,33
15,29,49
17,0,55
17,1,72
17,2,33
17,3,58
17,4,25
17,5,12
17,6,11
17,7,64
17,8,51
17,9,30
17,10,51
17,11,25
17,12,66
17,13,3
17,14,83
17,15,24
17,16,72
17,18,4
17,19,27
17,20,3
17,21,68
17,22,20
17,23,1
17,24,10
17,25,89
17,26,31
17,27,36
17,28,30
17,29,17
18,0,8
18,1,87
18,2,63
18,3,15
18,4,61
18,5,55
18,6,29
18,7,64
18,8,34
18,9,60
18,10,73
18,11,43
18,12,83
18,13,83
18,14,91
18,15,89
18,16,64
18,17,51
18,19,85
18,20,37
18,21,58
18,22,46
18,23,69
18,24,21
18,25,14
18,26,5
18,27,21
18,28,47
18,29,25
19,0,95
19,1,40
19,2,4
19,3,5
19,4,28
19,5,29
19,6,39
19,7,25
19,8,73
19,9,37
19,10,4
19,11,17
19,12,10
19,13,37
19,14,78
19,15,89
19,16,9
19,17,21
19,18,90
19,20,56
19,21,3
19,22,19
19,23,16
19,24,35
19,25,24
19,26,70
19,27,43
19,28,18
19,29,21
20,0,12
20,1,77
20,2,68
20,3,77
20,4,36
20,5,84
20,6,55
20,7,68
20,8,66
20,9,60
20,10,47
20,11,16
20,12,59
20,13,56
20,14,16
20,15,78
20,16,59
20,17,58
20,18,92
20,19,7
20,21,45
20,22,71
20,23,53
20,24,68
20,25,38
20,26,22
20,27,40
20,28,71
20,29,100
21,0,34
21,1,18
21,2,69
21,3,83
21,4,11
21,5,32
21,6,62
21,7,10
21,8,41
21,9,77
21,10,64
21,11,54
21,12,24
21,13,75
21,14,99
21,15,32
21,16,11
21,17,62
21,18,27
21,19,3
21,20,35
21,22,44
21,23,16
21,24,9
21,25,35
21,26,23
21,27,66
21,28,13
21,29,56
22,0,51
22,1,21
22,2,2
22,3,34
22,4,5
22,5,12
22,6,47
22,7,64
22,8,61
22,9,83
22,10,82
22,11,2
22,12,44
22,13,44
22,14,34
22,15,73
22,16,80
22,17,35
22,18,94
22,19,98
22,20,34
22,21,24
22,23,46
22,24,43
22,25,96
22,26,35
22,27,9
22,28,97
22,29,46
23,0,96
23,1,36
23,2,45
23,3,31
23,4,11
23,5,9
23,6,99
23,7,73
23,8,98
23,9,48
23,10,50
23,11,83
23,12,82
23,13,32
23,14,21
23,15,7
23,16,55
23,17,32
23,18,82
23,19,1
23,20,67
23,21,64
23,22,10
23,24,93
23,25,3
23,26,96
23,27,13
23,28,1
23,29,35
24,0,10
24,1,87
24,2,12
24,3,5
24,4,38
24,5,84
24,6,47
24,7,14
24,8,9
24,9,13
24,10,88
24,11,23
24,12,38
24,13,30
24,14,52
24,15,46
24,16,37
24,17,79
24,18,69
24,19,44
24,20,4
24,21,68
24,22,21
24,23,58
24,25,51
24,26,95
24,27,95
24,28,3
24,29,86
25,0,83
25,1,8
25,2,60
25,3,11
25,4,47
25,5,12
25,6,84
25,7,10
25,8,69
25,9,88
25,10,86
25,11,98
25,12,46
25,13,35
25,14,19
25,15,12
25,16,61
25,17,72
25,18,18
25,19,95
25,20,42
25,21,8
25,22,21
25,23,31
25,24,99
25,26,48
25,27,100
25,28,97
25,29,81
26,0,1
26,1,89
26,2,51
26,3,21
26,4,42
26,5,79
26,6,53
26,7,74
26,8,23
26,9,70
26,10,40
26,11,96
26,12,3
26,13,97
26,14,84
26,15,62
26,16,8
26,17,13
26,18,59
26,19,15
26,20,31
26,21,13
26,22,28
26,23,53
26,24,77
26,25,64
26,27,63
26,28,87
26,29,23
27,0,89
27,1,18
27,2,67
27,3,98
27,4,89
27,5,99
27,6,33
27,7,53
27,8,71
27,9,19
27,10,88
27,11,77
27,12,62
27,13,9
27,14,72
27,15,36
27,16,32
27,17,44
27,18,76
27,19,53
27,20,32
27,21,5
27,22,98
27,23,18
27,24,22
27,25,79
27,26,63
27,28,4
27,29,72
28,0,50
28,1,49
28,2,80
28,3,3
28,4,66
28,5,95
28,6,79
28,7,80
28,8,38
28,9,1
28,10,27
28,11,49
28,12,72
28,13,83
28,14,73
28,15,3
28,16,82
28,17,5
28,18,49
28,19,57
28,20,79
28,21,39
28,22,56
28,23,93
28,24,71
28,25,50
28,26,16
28,27,17
28,29,54
29,0,58
29,1,83
29,2,38
29,3,21
29,4,4
29,5,81
29,6,4
29,7,46
29,8,96
29,9,83
29,10,50
29,11,66
29,12,75
29,13,21
29,14,7
29,15,39
29,16,96
29,17,100
29,18,2
29,19,21
29,20,4
29,21,63
29,22,86
29,23,16
29,24,57
29,25,29
29,26,44
29,27,77
29,28,88
Source,6
Sink,7
Source,Destination,Weight
0,1,88
0,2,17
0,3,8
0,4,57
0,5,38
0,6,91
0,7,17
0,8,57
0,9,15
0,10,2
0,11,49
0,12,40
0,13,96
0,14,49
0,15,2
0,16,5
0,17,92
0,18,21
0,19,59
0,20,1
0,21,15
0,22,2
0,23,73
0,24,88
0,25,38
0,26,44
0,27,70
0,28,61
0,29,58
0,30,49
0,31,98
0,32,81
0,33,24
0,34,33
0,35,71
0,36,64
0,37,84
0,38,62
0,39,78
1,0,75
1,2,12
1,3,76
1,4,51
1,5,77
1,6,71
1,7,11
1,8,15
1,9,17
1,10,17
1,11,40
1,12,37
1,13,19
1,14,73
1,15,13
1,16,50
1,17,14
1,18,36
1,19,61
1,20,74
1,21,33
1,22,2
1,23,87
1,24,50
1,25,52
1,26,59
1,27,72
1,28,64
1,29,44
1,30,96
1,31,32
1,32,48
1,33,12
1,34,67
1,35,92
1,36,95
1,37,52
1,38,66
1,39,17
2,0,38
2,1,4
2,3,23
2,4,67
2,5,2
2,6,61
2,7,84
2,8,80
2,9,38
2,10,41
2,11,42
2,12,39
2,13,19
2,14,87
2,15,90
2,16,94
2,17,55
2,18,70
2,19,12
2,20,21
2,21,55
2,22,92
2,23,36
2,24,62
2,25,54
2,26,37
2,27,77
2,28,32
2,29,23
2,30,98
2,31,11
2,32,4
2,33,64
2,34,71
2,35,29
2,36,71
2,37,60
2,38,26
2,39,38
3,0,31
3,1,24
3,2,55
3,4,25
3,5,91
3,6,11
3,7,99
3,8,63
3,9,90
3,10,66
3,11,51
3,12,42
3,13,36
3,14,94
3,15,100
3,16,72
3,17,18
3,18,80
3,19,8
3,20,47
3,21,80
3,22,55
3,23,86
3,24,5
3,25,40
3,26,55
3,27,99
3,28,52
3,29,8
3,30,33
3,31,28
3,32,34
3,33,71
3,34,7
3,35,2
3,36,40
3,37,23
3,38,74
3,39,36
4,0,95
4,1,97
4,2,57
4,3,38
4,5,35
4,6,41
4,7,40
4,8,15
4,9,58
4,10,33
4,11,42
4,12,74
4,13,51
4,14,26
4,15,100
4,16,92
4,17,12
4,18,73
4,19,33
4,20,99
4,21,71
4,22,71
4,23,6
4,24,12
4,25,90
4,26,64
4,27,49
4,28,28
4,29,91
4,30,39
4,31,46
4,32,97
4,33,76
4,34,24
4,35,46
4,36,22
4,37,99
4,38,7
4,39,64
5,0,31
5,1,88
5,2,67
5,3,27
5,4,40
5,6,52
5,7,76
5,8,60
5,9,18
5,10,32
5,11,23
5,12,21
5,13,54
5,14,44
5,15,57
5,16,46
5,17,20
5,18,53
5,19,29
5,20,94
5,21,86
5,22,85
5,23,39
5,24,47
5,25,99
5,26,50
5,27,65
5,28,7
5,29,6
5,30,57
5,31,96
5,32,32
5,33,50
5,34,28
5,35,100
5,36,95
5,37,76
5,38,1
5,39,44
8,0,95
8,1,87
8,2,69
8,3,19
8,4,33
8,5,27
8,6,50
8,7,29
8,9,91
8,10,49
8,11,68
8,12,18
8,13,70
8,14,17
8,15,74
8,16,13
8,17,15
8,18,83
8,19,29
8,20,14
8,21,100
8,22,88
8,23,7
8,24,46
8,25,84
8,26,77
8,27,53
8,28,100
8,29,88
8,30,43
8,31,23
8,32,53
8,33,89
8,34,74
8,35,17
8,36,64
8,37,84
8,38,25
8,39,31
9,0,50
9,1,76
9,2,27
9,3,91
9,4,98
9,5,50
9,6,4
9,7,76
9,8,73
9,10,32
9,11,98
9,12,67
9,13,66
9,14,61
9,15,84
9,16,22
9,17,46
9,18,62
9,19,14
9,20,81
9,21,84
9,22,61
9,23,56
9,24,57
9,25,87
9,26,95
9,27,84
9,28,24
9,29,19
9,30,55
9,31,81
9,32,48
9,33,25
9,34,88
9,35,38
9,36,72
9,37,40
9,38,93
9,39,76
10,0,82
10,1,34
10,2,23
10,3,83
10,4,87
10,5,75
10,6,31
10,7,45
10,8,12
10,9,25
10,11,9
10,12,20
10,13,25
10,14,62
10,15,22
10,16,73
10,17,5
10,18,22
10,19,75
10,20,10
10,21,50
10,22,60
10,23,17
10,24,29
10,25,15
10,26,52
10,27,27
10,28,20
10,29,63
10,30,95
10,31,32
10,32,77
10,33,20
10,34,28
10,35,81
10,36,88
10,37,86
10,38,41
10,39,39
11,0,55
11,1,96
11,2,39
11,3,97
11,4,80
11,5,18
11,6,41
11,7,8
11,8,64
11,9,100
11,10,88
11,12,9
11,13,6
11,14,18
11,15,12
11,16,61
11,17,50
11,18,78
11,19,24
11,20,35
11,21,2
11,22,2
11,23,94
11,24,71
11,25,47
11,26,100
11,27,39
11,28,24
11,29,18
11,30,86
11,31,68
11,32,51
11,33,56
11,34,28
11,35,42
11,36,29
11,37,63
11,38,3
11,39,60
12,0,61
12,1,37
12,2,16
12,3,48
12,4,58
12,5,33
12,6,6
12,7,60
12,8,78
12,9,3
12,10,82
12,11,30
12,13,78
12,14,83
12,15,45
12,16,26
12,17,36
12,18,47
12,19,13
12,20,28
12,21,58
12,22,95
12,23,92
12,24,37
12,25,91
12,26,82
12,27,81
12,28,72
12,29,99
12,30,6
12,31,14
12,32,22
12,33,89
12,34,2
12,35,47
12,36,22
12,37,64
12,38,90
12,39,92
13,0,34
13,1,16
13,2,99
13,3,51
13,4,65
13,5,38
13,6,73
13,7,32
13,8,25
13,9,96
13,10,93
13,11,12
13,12,63
13,14,13
13,15,56
13,16,96
13,17,45
13,18,93
13,19,34
13,20,95
13,21,50
13,22,64
13,23,91
13,24,49
13,25,17
13,26,76
13,27,1
13,28,14
13,29,6
13,30,40
13,31,86
13,32,15
13,33,31
13,34,61
13,35,33
13,36,41
13,37,85
13,38,93
13,39,75
14,0,28
14,1,96
14,2,70
14,3,61
14,4,84
14,5,41
14,6,28
14,7,43
14,8,96
14,9,77
14,10,100
14,11,13
14,12,69
14,13,98
14,15,32
14,16,41
14,17,73
14,18,97
14,19,8
14,20,2
14,21,12
14,22,37
14,23,23
14,24,59
14,25,24
14,26,23
14,27,81
14,28,21
14,29,57
14,30,9
14,31,40
14,32,20
14,33,82
14,34,82
14,35,2
14,36,17
14,37,12
14,38,90
14,39,95
15,0,60
15,1,88
15,2,32
15,3,2
15,4,37
15,5,70
15,6,85
15,7,65
15,8,94
15,9,48
15,10,6
15,11,16
15,12,1
15,13,93
15,14,40
15,16,94
15,17,12
15,18,54
15,19,86
15,20,80
15,21,17
15,22,79
15,23,50
15,24,48
15,25,23
15,26,22
15,27,13
15,28,63
15,29,23
15,30,28
15,31,78
15,32,25
15,33,53
15,34,63
15,35,51
15,36,20
15,37,85
15,38,6
15,39,26
16,0,66
16,1,87
16,2,11
16,3,80
16,4,19
16,5,81
16,6,59
16,7,77
16,8,7
16,9,9
16,10,27
16,11,36
16,12,15
16,13,15
16,14,66
16,15,43
16,17,18
16,18,92
16,19,50
16,20,99
16,21,49
16,22,10
16,23,55
16,24,2
16,25,68
16,26,47
16,27,37
16,28,38
16,29,20
16,30,84
16,31,20
16,32,54
16,33,86
16,34,87
16,35,26
16,36,63
16,37,13
16,38,53
16,39,25
17,0,7
17,1,99
17,2,76
17,3,44
17,4,4
17,5,6
17,6,20
17,7,95
17,8,37
17,9,3
17,10,52
17,11,1
17,12,23
17,13,65
17,14,87
17,15,96
17,16,18
17,18,52
17,19,66
17,20,46
17,21,68
17,22,56
17,23,27
17,24,11
17,25,2
17,26,7
17,27,38
17,28,91
17,29,31
17,30,90
17,31,44
17,32,65
17,33,47
17,34,24
17,35,84
17,36,28
17,37,95
17,38,11
17,39,40
18,0,96
18,1,63
18,2,85
18,3,76
18,4,70
18,5,40
18,6,17
18,7,96
18,8,62
18,9,44
18,10,8
18,11,12
18,12,98
18,13,6
18,14,53
18,15,5
18,16,65
18,17,61
18,19,89
18,20,24
18,21,86
18,22,100
18,23,24
18,24,93
18,25,50
18,26,48
18,27,96
18,28,37
18,29,95
18,30,9
18,31,27
18,32,65
18,33,35
18,34,3
18,35,63
18,36,22
18,37,38
18,38,7
18,39,58
19,0,52
19,1,62
19,2,19
19,3,13
19,4,52
19,5,30
19,6,35
19,7,64
19,8,12
19,9,43
19,10,93
19,11,19
19,12,18
19,13,64
19,14,80
19,15,42
19,16,37
19,17,63
19,18,9
19,20,33
19,21,29
19,22,23
19,23,56
19,24,83
19,25,95
19,26,65
19,27,82
19,28,26
19,29,93
19,30,76
19,31,83
19,32,78
19,33,68
19,34,6
19,35,32
19,36,84
19,37,100
19,38,67
19,39,17
20,0,24
20,1,82
20,2,1
20,3,93
20,4,35
20,5,72
20,6,63
20,7,79
20,8,52
20,9,11
20,10,30
20,11,82
20,12,16
20,13,25
20,14,72
20,15,94
20,16,57
20,17,88
20,18,86
20,19,62
20,21,81
20,22,30
20,23,28
20,24,47
20,25,79
20,26,71
20,27,86
20,28,81
20,29,58
20,30,64
20,31,44
20,32,56
20,33,82
20,34,16
20,35,73
20,36,4
20,37,43
20,38,22
20,39,72
21,0,16
21,1,54
21,2,22
21,3,91
21,4,53
21,5,48
21,6,91
21,7,3
21,8,48
21,9,58
21,10,56
21,11,74
21,12,100
21,13,35
21,14,31
21,15,11
21,16,75
21,17,76
21,18,62
21,19,69
21,20,18
21,22,23
21,23,75
21,24,58
21,25,79
21,26,85
21,27,5
21,28,77
21,29,98
21,30,89
21,31,13
21,32,28
21,33,85
21,34,82
21,35,13
21,36,55
21,37,46
21,38,56
21,39,52
22,0,1
22,1,5
22,2,99
22,3,79
22,4,62
22,5,46
22,6,50
22,7,56
22,8,63
22,9,80
22,10,20
22,11,28
22,12,33
22,13,99
22,14,72
22,15,32
22,16,61
22,17,85
22,18,50
22,19,68
22,20,46
22,21,66
22,23,82
22,24,85
22,25,46
22,26,69
22,27,51
22,28,57
22,29,23
22,30,64
22,31,29
22,32,8
22,33,70
22,34,41
22,35,1
22,36,40
22,37,74
22,38,1
22,39,60
23,0,22
23,1,51
23,2,31
23,3,25
23,4,70
23,5,31
23,6,26
23,7,49
23,8,15
23,9,52
23,10,43
23,11,97
23,12,50
23,13,77
23,14,4
23,15,56
23,16,46
23,17,39
23,18,30
23,19,57
23,20,80
23,21,47
23,22,84
23,24,80
23,25,5
23,26,42
23,27,49
23,28,91
23,29,70
23,30,58
23,31,39
23,32,44
23,33,62
23,34,70
23,35,60
23,36,50
23,37,99
23,38,19
23,39,30
24,0,95
24,1,8
24,2,86
24,3,46
24,4,80
24,5,95
24,6,81
24,7,71
24,8,100
24,9,49
24,10,76
24,11,81
24,12,65
24,13,33
24,14,22
24,15,26
24,16,92
24,17,47
24,18,45
24,19,56
24,20,55
24,21,59
24,22,58
24,23,22
24,25,85
24,26,90
24,27,80
24,28,82
24,29,42
24,30,56
24,31,7
24,32,5
24,33,42
24,34,82
24,35,92
24,36,10
24,37,61
24,38,91
24,39,52
25,0,12
25,1,36
25,2,22
25,3,14
25,4,1
25,5,26
25,6,86
25,7,92
25,8,91
25,9,23
25,10,58
25,11,67
25,12,60
25,13,73
25,14,38
25,15,48
25,16,51
25,17,19
25,18,4
25,19,96
25,20,58
25,21,8
25,22,73
25,23,80
25,24,76
25,26,43
25,27,31
25,28,3
25,29,54
25,30,94
25,31,90
25,32,1
25,33,81
25,34,73
25,35,70
25,36,100
25,37,57
25,38,23
25,39,90
26,0,25
26,1,11
26,2,73
26,3,15
26,4,23
26,5,56
26,6,71
26,7,30
26,8,19
26,9,51
26,10,36
26,11,32
26,12,74
26,13,22
26,14,30
26,15,54
26,16,100
26,17,11
26,18,95
26,19,93
26,20,80
26,21,73
26,22,3
26,23,30
26,24,89
26,25,8
26,27,84
26,28,29
26,29,88
26,30,50
26,31,48
26,32,29
26,33,61
26,34,90
26,35,44
26,36,76
26,37,23
26,38,51
26,39,67
27,0,83
27,1,61
27,2,20
27,3,35
27,4,69
27,5,23
27,6,53
27,7,44
27,8,81
27,9,31
27,10,95
27,11,84
27,12,7
27,13,77
27,14,33
27,15,8
27,16,36
27,17,23
27,18,66
27,19,14
27,20,66
27,21,87
27,22,53
27,23,27
27,24,99
27,25,76
27,26,38
27,28,71
27,29,70
27,30,23
27,31,1
27,32,29
27,33,24
27,34,41
27,35,72
27,36,23
27,37,70
27,38,23
27,39,20
28,0,55
28,1,61
28,2,70
28,3,61
28,4,56
28,5,59
28,6,42
28,7,15
28,8,36
28,9,23
28,10,24
28,11,62
28,12,68
28,13,92
28,14,22
28,15,99
28,16,72
28,17,22
28,18,17
28,19,57
28,20,33
28,21,79
28,22,38
28,23,68
28,24,50
28,25,14
28,26,37
28,27,19
28,29,64
28,30,26
28,31,70
28,32,6
28,33,6
28,34,5
28,35,88
28,36,60
28,37,65
28,38,12
28,39,4
29,0,84
29,1,25
29,2,4
29,3,37
29,4,73
29,5,79
29,6,15
29,7,99
29,8,43
29,9,38
29,10,45
29,11,92
29,12,57
29,13,51
29,14,24
29,15,60
29,16,57
29,17,81
29,18,97
29,19,4
29,20,62
29,21,55
29,22,99
29,23,63
29,24,73
29,25,63
29,26,4
29,27,59
29,28,54
29,30,13
29,31,9
29,32,63
29,33,46
29,34,3
29,35,3
29,36,27
29,37,16
29,38,18
29,39,11
30,0,78
30,1,43
30,2,92
30,3,39
30,4,6
30,5,27
30,6,89
30,7,75
30,8,82
30,9,30
30,10,9
30,11,14
30,12,70
30,13,46
30,14,84
30,15,74
30,16,31
30,17,88
30,18,89
30,19,20
30,20,20
30,21,65
30,22,72
30,23,57
30,24,66
30,25,60
30,26,8
30,27,12
30,28,14
30,29,86
30,31,1
30,32,22
30,33,34
30,34,98
30,35,38
30,36,61
30,37,28
30,38,46
30,39,43
31,0,10
31,1,100
31,2,50
31,3,90
31,4,51
31,5,42
31,6,84
31,7,75
31,8,73
31,9,31
31,10,64
31,11,69
31,12,21
31,13,43
31,14,15
31,15,10
31,16,33
31,17,49
31,18,20
31,19,48
31,20,3
31,21,16
31,22,11
31,23,83
31,24,80
31,25,92
31,26,23
31,27,9
31,28,16
31,29,32
31,30,51
31,32,26
31,33,8
31,34,60
31,35,41
31,36,45
31,37,17
31,38,61
31,39,77
32,0,97
32,1,74
32,2,20
32,3,5
32,4,27
32,5,60
32,6,28
32,7,26
32,8,7
32,9,60
32,10,91
32,11,81
32,12,41
32,13,100
32,14,21
32,15,70
32,16,77
32,17,68
32,18,62
32,19,95
32,20,74
32,21,81
32,22,78
32,23,2
32,24,14
32,25,36
32,26,11
32,27,36
32,28,64
32,29,49
32,30,5
32,31,65
32,33,14
32,34,29
32,35,10
32,36,21
32,37,88
32,38,75
32,39,64
33,0,76
33,1,97
33,2,32
33,3,94
33,4,51
33,5,63
33,6,41
33,7,39
33,8,19
33,9,72
33,10,52
33,11,72
33,12,90
33,13,42
33,14,30
33,15,42
33,16,26
33,17,17
33,18,54
33,19,58
33,20,73
33,21,95
33,22,24
33,23,20
33,24,92
33,25,85
33,26,66
33,27,63
33,28,61
33,29,84
33,30,61
33,31,32
33,32,80
33,34,100
33,35,91
33,36,67
33,37,23
33,38,12
33,39,94
34,0,85
34,1,16
34,2,69
34,3,8
34,4,14
34,5,48
34,6,6
34,7,84
34,8,30
34,9,83
34,10,68
34,11,50
34,12,71
34,13,23
34,14,90
34,15,55
34,16,37
34,17,25
34,18,98
34,19,57
34,20,45
34,21,84
34,22,58
34,23,62
34,24,98
34,25,32
34,26,8
34,27,26
34,28,40
34,29,42
34,30,26
34,31,43
34,32,18
34,33,33
34,35,24
34,36,44
34,37,76
34,38,17
34,39,98
35,0,26
35,1,58
35,2,21
35,3,58
35,4,7
35,5,73
35,6,23
35,7,9
35,8,72
35,9,32
35,10,97
35,11,81
35,12,10
35,13,77
35,14,2
35,15,15
35,16,41
35,17,20
35,18,49
35,19,5
35,20,45
35,21,96
35,22,1
35,23,42
35,24,90
35,25,56
35,26,59
35,27,29
35,28,22
35,29,96
35,30,64
35,31,57
35,32,74
35,33,89
35,34,19
35,36,3
35,37,37
35,38,44
35,39,70
36,0,48
36,1,85
36,2,94
36,3,78
36,4,53
36,5,11
36,6,73
36,7,82
36,8,20
36,9,30
36,10,73
36,11,27
36,12,77
36,13,42
36,14,44
36,15,49
36,16,100
36,17,88
36,18,16
36,19,86
36,20,26
36,21,91
36,22,73
36,23,81
36,24,32
36,25,16
36,26,97
36,27,72
36,28,90
36,29,80
36,30,12
36,31,58
36,32,42
36,33,18
36,34,65
36,35,83
36,37,56
36,38,12
36,39,64
37,0,41
37,1,21
37,2,64
37,3,50
37,4,76
37,5,10
37,6,68
37,7,60
37,8,64
37,9,94
37,10,82
37,11,92
37,12,16
37,13,53
37,14,68
37,15,79
37,16,38
37,17,46
37,18,36
37,19,34
37,20,66
37,21,86
37,22,13
37,23,84
37,24,29
37,25,17
37,26,17
37,27,86
37,28,32
37,29,32
37,30,67
37,31,99
37,32,78
37,33,100
37,34,76
37,35,54
37,36,95
37,38,56
37,39,29
38,0,48
38,1,82
38,2,40
38,3,95
38,4,21
38,5,83
38,6,73
38,7,65
38,8,37
38,9,64
38,10,58
38,11,65
38,12,39
38,13,33
38,14,68
38,15,58
38,16,35
38,17,39
38,18,92
38,19,39
38,20,22
38,21,25
38,22,78
38,23,84
38,24,84
38,25,11
38,26,7
38,27,10
38,28,32
38,29,50
38,30,31
38,31,34
38,32,52
38,33,40
38,34,33
38,35,3
38,36,76
38,37,22
38,39,65
39,0,19
39,1,91
39,2,70
39,3,71
39,4,25
39,5,56
39,6,18
39,7,23
39,8,80
39,9,6
39,10,13
39,11,30
39,12,97
39,13,47
39,14,76
39,15,57
39,16,33
39,17,68
39,18,53
39,19,90
39,20,25
39,21,45
39,22,23
39,23,99
39,24,22
39,25,49
39,26,59
39,27,85
39,28,20
39,29,50
39,30,40
39,31,38
39,32,31
39,33,57
39,34,80
39,35,33
39,36,45
39,37,37
39,38,44
Source,43
Sink,14
Source,Destination,Weight
0,1,45
0,2,49
0,3,51
0,4,55
0,5,39
0,6,99
0,7,89
0,8,82
0,9,51
0,10,84
0,11,45
0,12,61
0,13,61
0,14,36
0,15,99
0,16,39
0,17,26
0,18,45
0,19,25
0,20,81
0,21,3
0,22,24
0,23,96
0,24,18
0,25,83
0,26,61
0,27,35
0,28,50
0,29,6
0,30,90
0,31,64
0,32,49
0,33,88
0,34,37
0,35,63
0,36,54
0,37,34
0,38,4
0,39,81
0,40,59
0,41,7
0,42,14
0,43,11
0,44,50
0,45,83
0,46,47
0,47,5
0,48,25
0,49,78
1,0,25
1,2,59
1,3,71
1,4,45
1,5,96
1,6,91
1,7,26
1,8,77
1,9,15
1,10,78
1,11,16
1,12,81
1,13,37
1,14,61
1,15,51
1,16,14
1,17,59
1,18,45
1,19,16
1,20,2
1,21,78
1,22,40
1,23,48
1,24,5
1,25,56
1,26,4
1,27,63
1,28,65
1,29,33
1,30,18
1,31,2
1,32,75
1,33,41
1,34,20
1,35,95
1,36,25
1,37,52
1,38,27
1,39,23
1,40,96
1,41,95
1,42,83
1,43,75
1,44,70
1,45,55
1,46,2
1,47,9
1,48,71
1,49,27
2,0,29
2,1,56
2,3,37
2,4,9
2,5,49
2,6,49
2,7,46
2,8,75
2,9,88
2,10,1
2,11,42
2,12,90
2,13,83
2,14,39
2,15,6
2,16,62
2,17,63
2,18,91
2,19,92
2,20,48
2,21,51
2,22,79
2,23,1
2,24,44
2,25,61
2,26,83
2,27,7
2,28,45
2,29,85
2,30,59
2,31,49
2,32,8
2,33,38
2,34,1
2,35,81
2,36,75
2,37,56
2,38,95
2,39,6
2,40,57
2,41,9
2,42,100
2,43,1
2,44,66
2,45,79
2,46,95
2,47,27
2,48,12
2,49,25
3,0,62
3,1,74
3,2,22
3,4,45
3,5,34
3,6,12
3,7,7
3,8,65
3,9,25
3,10,48
3,11,25
3,12,17
3,13,28
3,14,39
3,15,50
3,16,36
3,17,29
3,18,13
3,19,47
3,20,44
3,21,44
3,22,8
3,23,39
3,24,26
3,25,20
3,26,84
3,27,6
3,28,20
3,29,41
3,30,49
3,31,89
3,32,60
3,33,78
3,34,63
3,35,73
3,36,7
3,37,69
3,38,72
3,39,76
3,40,22
3,41,45
3,42,89
3,43,49
3,44,76
3,45,66
3,46,33
3,47,37
3,48,49
3,49,69
4,0,11
4,1,85
4,2,20
4,3,66
4,5,42
4,6,33
4,7,15
4,8,74
4,9,59
4,10,33
4,11,5
4,12,87
4,13,20
4,14,21
4,15,73
4,16,12
4,17,15
4,18,47
4,19,13
4,20,3
4,21,24
4,22,82
4,23,53
4,24,55
4,25,26
4,26,70
4,27,82
4,28,19
4,29,33
4,30,42
4,31,41
4,32,3
4,33,54
4,34,62
4,35,18
4,36,17
4,37,32
4,38,14
4,39,35
4,40,1
4,41,51
4,42,76
4,43,23
4,44,39
4,45,21
4,46,95
4,47,99
4,48,8
4,49,4
5,0,89
5,1,49
5,2,59
5,3,77
5,4,27
5,6,71
5,7,29
5,8,10
5,9,60
5,10,68
5,11,30
5,12,49
5,13,8
5,14,55
5,15,15
5,16,52
5,17,38
5,18,34
5,19,86
5,20,64
5,21,86
5,22,5
5,23,42
5,24,18
5,25,72
5,26,92
5,27,48
5,28,40
5,29,31
5,30,70
5,31,67
5,32,59
5,33,41
5,34,84
5,35,59
5,36,63
5,37,93
5,38,65
5,39,90
5,40,38
5,41,1
5,42,31
5,43,68
5,44,72
5,45,99
5,46,74
5,47,72
5,48,51
5,49,65
6,0,33
6,1,94
6,2,69
6,3,79
6,4,10
6,5,55
6,7,42
6,8,97
6,9,99
6,10,33
6,11,37
6,12,17
6,13,13
6,14,99
6,15,7
6,16,14
6,17,47
6,18,23
6,19,66
6,20,45
6,21,83
6,22,44
6,23,31
6,24,54
6,25,73
6,26,61
6,27,81
6,28,100
6,29,39
6,30,52
6,31,100
6,32,15
6,33,15
6,34,67
6,35,41
6,36,52
6,37,6
6,38,52
6,39,18
6,40,33
6,41,86
6,42,62
6,43,40
6,44,36
6,45,34
6,46,49
6,47,100
6,48,20
6,49,100
7,0,16
7,1,28
7,2,40
7,3,68
7,4,76
7,5,47
7,6,48
7,8,17
7,9,41
7,10,18
7,11,36
7,12,68
7,13,36
7,14,6
7,15,43
7,16,62
7,17,59
7,18,12
7,19,32
7,20,77
7,21,46
7,22,12
7,23,2
7,24,55
7,25,52
7,26,65
7,27,87
7,28,52
7,29,100
7,30,72
7,31,52
7,32,64
7,33,46
7,34,84
7,35,73
7,36,66
7,37,49
7,38,47
7,39,10
7,40,76
7,41,72
7,42,55
7,43,29
7,44,99
7,45,41
7,46,39
7,47,28
7,48,21
7,49,59
8,0,38
8,1,13
8,2,80
8,3,55
8,4,5
8,5,33
8,6,76
8,7,94
8,9,67
8,10,39
8,11,64
8,12,67
8,13,55
8,14,72
8,15,33
8,16,12
8,17,26
8,18,69
8,19,10
8,20,5
8,21,82
8,22,91
8,23,15
8,24,46
8,25,92
8,26,46
8,27,19
8,28,55
8,29,88
8,30,71
8,31,100
8,32,10
8,33,98
8,34,65
8,35,25
8,36,86
8,37,91
8,38,31
8,39,63
8,40,18
8,41,34
8,42,96
8,43,37
8,44,35
8,45,5
8,46,26
8,47,22
8,48,49
8,49,72
9,0,88
9,1,5
9,2,12
9,3,59
9,4,7
9,5,39
9,6,72
9,7,49
9,8,48
9,10,32
9,11,16
9,12,88
9,13,96
9,14,74
9,15,84
9,16,27
9,17,49
9,18,21
9,19,44
9,20,65
9,21,17
9,22,75
9,23,42
9,24,38
9,25,88
9,26,32
9,27,28
9,28,24
9,29,85
9,30,95
9,31,58
9,32,8
9,33,25
9,34,34
9,35,51
9,36,10
9,37,9
9,38,54
9,39,32
9,40,60
9,41,88
9,42,75
9,43,12
9,44,10
9,45,86
9,46,51
9,47,79
9,48,36
9,49,41
10,0,91
10,1,90
10,2,10
10,3,72
10,4,67
10,5,82
10,6,66
10,7,63
10,8,7
10,9,43
10,11,5
10,12,18
10,13,12
10,14,20
10,15,65
10,16,3
10,17,5
10,18,91
10,19,67
10,20,66
10,21,84
10,22,65
10,23,58
10,24,39
10,25,8
10,26,83
10,27,46
10,28,74
10,29,69
10,30,33
10,31,71
10,32,4
10,33,39
10,34,53
10,35,4
10,36,37
10,37,99
10,38,63
10,39,11
10,40,92
10,41,46
10,42,60
10,43,34
10,44,53
10,45,42
10,46,40
10,47,31
10,48,14
10,49,68
11,0,76
11,1,89
11,2,26
11,3,83
11,4,80
11,5,27
11,6,38
11,7,43
11,8,70
11,9,26
11,10,32
11,12,48
11,13,10
11,14,6
11,15,25
11,16,13
11,17,32
11,18,60
11,19,55
11,20,15
11,21,6
11,22,11
11,23,2
11,24,78
11,25,4
11,26,95
11,27,43
11,28,23
11,29,100
11,30,13
11,31,41
11,32,35
11,33,48
11,34,45
11,35,97
11,36,80
11,37,81
11,38,89
11,39,66
11,40,70
11,41,98
11,42,59
11,43,74
11,44,49
11,45,38
11,46,15
11,47,33
11,48,38
11,49,34
12,0,89
12,1,93
12,2,11
12,3,100
12,4,69
12,5,56
12,6,33
12,7,6
12,8,31
12,9,18
12,10,16
12,11,74
12,13,68
12,14,16
12,15,4
12,16,9
12,17,64
12,18,42
12,19,73
12,20,26
12,21,55
12,22,7
12,23,41
12,24,60
12,25,85
12,26,58
12,27,91
12,28,77
12,29,18
12,30,28
12,31,96
12,32,9
12,33,37
12,34,11
12,35,16
12,36,37
12,37,45
12,38,27
12,39,4
12,40,39
12,41,88
12,42,23
12,43,100
12,44,96
12,45,70
12,46,77
12,47,72
12,48,36
12,49,46
13,0,35
13,1,27
13,2,13
13,3,84
13,4,12
13,5,88
13,6,25
13,7,62
13,8,98
13,9,23
13,10,53
13,11,86
13,12,93
13,14,9
13,15,86
13,16,57
13,17,95
13,18,79
13,19,54
13,20,23
13,21,91
13,22,6
13,23,64
13,24,23
13,25,82
13,26,90
13,27,41
13,28,21
13,29,76
13,30,79
13,31,71
13,32,30
13,33,1
13,34,63
13,35,15
13,36,66
13,37,16
13,38,69
13,39,44
13,40,18
13,41,80
13,42,86
13,43,91
13,44,86
13,45,88
13,46,17
13,47,38
13,48,48
13,49,75
15,0,27
15,1,93
15,2,39
15,3,1
15,4,53
15,5,86
15,6,33
15,7,34
15,8,76
15,9,75
15,10,70
15,11,40
15,12,46
15,13,41
15,14,56
15,16,27
15,17,39
15,18,90
15,19,9
15,20,38
15,21,98
15,22,88
15,23,16
15,24,78
15,25,22
15,26,69
15,27,72
15,28,83
15,29,34
15,30,19
15,31,14
15,32,37
15,33,52
15,34,81
15,35,16
15,36,50
15,37,42
15,38,26
15,39,100
15,40,90
15,41,95
15,42,38
15,43,69
15,44,60
15,45,74
15,46,32
15,47,72
15,48,1
15,49,100
16,0,65
16,1,4
16,2,37
16,3,44
16,4,99
16,5,88
16,6,49
16,7,31
16,8,98
16,9,54
16,10,51
16,11,69
16,12,30
16,13,97
16,14,47
16,15,89
16,17,12
16,18,16
16,19,19
16,20,68
16,21,29
16,22,82
16,23,42
16,24,52
16,25,16
16,26,64
16,27,96
16,28,84
16,29,75
16,30,33
16,31,18
16,32,41
16,33,42
16,34,83
16,35,12
16,36,56
16,37,18
16,38,78
16,39,48
16,40,30
16,41,62
16,42,59
16,43,72
16,44,91
16,45,17
16,46,86
16,47,37
16,48,69
16,49,85
17,0,74
17,1,39
17,2,59
17,3,98
17,4,83
17,5,2
17,6,82
17,7,97
17,8,52
17,9,55
17,10,5
17,11,64
17,12,59
17,13,77
17,14,26
17,15,51
17,16,82
17,18,25
17,19,44
17,20,8
17,21,87
17,22,93
17,23,38
17,24,60
17,25,8
17,26,60
17,27,55
17,28,22
17,29,55
17,30,28
17,31,12
17,32,52
17,33,53
17,34,24
17,35,46
17,36,83
17,37,96
17,38,75
17,39,83
17,40,66
17,41,71
17,42,99
17,43,98
17,44,85
17,45,50
17,46,79
17,47,36
17,48,35
17,49,90
18,0,44
18,1,30
18,2,10
18,3,43
18,4,26
18,5,58
18,6,75
18,7,59
18,8,72
18,9,81
18,10,2
18,11,7
18,12,32
18,13,61
18,14,11
18,15,67
18,16,29
18,17,19
18,19,97
18,20,46
18,21,70
18,22,74
18,23,6
18,24,15
18,25,67
18,26,85
18,27,3
18,28,86
18,29,53
18,30,75
18,31,54
18,32,41
18,33,40
18,34,34
18,35,32
18,36,38
18,37,55
18,38,5
18,39,63
18,40,42
18,41,98
18,42,74
18,43,71
18,44,9
18,45,48
18,46,80
18,47,97
18,48,49
18,49,89
19,0,93
19,1,96
19,2,60
19,3,7
19,4,32
19,5,41
19,6,34
19,7,98
19,8,55
19,9,21
19,10,40
19,11,4
19,12,47
19,13,81
19,14,24
19,15,79
19,16,13
19,17,64
19,18,81
19,20,36
19,21,9
19,22,77
19,23,8
19,24,68
19,25,77
19,26,17
19,27,79
19,28,4
19,29,83
19,30,33
19,31,10
19,32,13
19,33,55
19,34,18
19,35,57
19,36,34
19,37,88
19,38,3
19,39,28
19,40,6
19,41,39
19,42,94
19,43,3
19,44,80
19,45,22
19,46,39
19,47,66
19,48,84
19,49,38
20,0,56
20,1,69
20,2,9
20,3,71
20,4,38
20,5,19
20,6,86
20,7,49
20,8,52
20,9,97
20,10,75
20,11,27
20,12,6
20,13,72
20,14,72
20,15,21
20,16,74
20,17,82
20,18,88
20,19,37
20,21,94
20,22,87
20,23,72
20,24,6
20,25,71
20,26,63
20,27,71
20,28,58
20,29,59
20,30,45
20,31,82
20,32,91
20,33,33
20,34,45
20,35,96
20,36,54
20,37,51
20,38,64
20,39,22
20,40,86
20,41,92
20,42,38
20,43,68
20,44,53
20,45,11
20,46,55
20,47,4
20,48,77
20,49,2
21,0,31
21,1,53
21,2,46
21,3,21
21,4,28
21,5,20
21,6,87
21,7,35
21,8,30
21,9,97
21,10,98
21,11,74
21,12,94
21,13,32
21,14,83
21,15,98
21,16,73
21,17,86
21,18,22
21,19,30
21,20,40
21,22,64
21,23,84
21,24,15
21,25,75
21,26,57
21,27,74
21,28,75
21,29,92
21,30,77
21,31,54
21,32,93
21,33,37
21,34,31
21,35,39
21,36,16
21,37,2
21,38,84
21,39,80
21,40,52
21,41,13
21,42,67
21,43,10
21,44,87
21,45,76
21,46,72
21,47,91
21,48,77
21,49,31
22,0,51
22,1,5
22,2,53
22,3,11
22,4,44
22,5,11
22,6,100
22,7,80
22,8,1
22,9,23
22,10,70
22,11,36
22,12,89
22,13,25
22,14,62
22,15,16
22,16,12
22,17,55
22,18,90
22,19,69
22,20,29
22,21,71
22,23,70
22,24,76
22,25,68
22,26,86
22,27,52
22,28,25
22,29,32
22,30,49
22,31,26
22,32,43
22,33,21
22,34,74
22,35,17
22,36,76
22,37,84
22,38,71
22,39,10
22,40,29
22,41,40
22,42,3
22,43,18
22,44,1
22,45,30
22,46,10
22,47,100
22,48,35
22,49,87
23,0,61
23,1,47
23,2,29
23,3,73
23,4,61
23,5,73
23,6,50
23,7,9
23,8,34
23,9,23
23,10,3
23,11,96
23,12,3
23,13,13
23,14,95
23,15,93
23,16,42
23,17,26
23,18,24
23,19,91
23,20,64
23,21,52
23,22,49
23,24,47
23,25,86
23,26,85
23,27,84
23,28,77
23,29,84
23,30,30
23,31,86
23,32,82
23,33,48
23,34,8
23,35,4
23,36,46
23,37,24
23,38,8
23,39,38
23,40,92
23,41,1
23,42,61
23,43,6
23,44,61
23,45,56
23,46,6
23,47,21
23,48,3
23,49,62
24,0,54
24,1,28
24,2,69
24,3,42
24,4,39
24,5,54
24,6,88
24,7,12
24,8,54
24,9,29
24,10,85
24,11,47
24,12,83
24,13,38
24,14,97
24,15,17
24,16,31
24,17,22
24,18,57
24,19,90
24,20,97
24,21,81
24,22,57
24,23,70
24,25,74
24,26,9
24,27,56
24,28,100
24,29,64
24,30,89
24,31,1
24,32,64
24,33,46
24,34,69
24,35,16
24,36,91
24,37,65
24,38,60
24,39,44
24,40,28
24,41,89
24,42,59
24,43,7
24,44,32
24,45,23
24,46,100
24,47,64
24,48,17
24,49,61
25,0,45
25,1,22
25,2,31
25,3,99
25,4,87
25,5,11
25,6,83
25,7,59
25,8,76
25,9,44
25,10,13
25,11,66
25,12,24
25,13,32
25,14,16
25,15,23
25,16,25
25,17,69
25,18,26
25,19,46
25,20,12
25,21,16
25,22,56
25,23,34
25,24,59
25,26,91
25,27,53
25,28,10
25,29,93
25,30,29
25,31,88
25,32,73
25,33,92
25,34,99
25,35,84
25,36,96
25,37,96
25,38,25
25,39,64
25,40,36
25,41,5
25,42,68
25,43,24
25,44,20
25,45,27
25,46,47
25,47,75
25,48,43
25,49,45
26,0,10
26,1,77
26,2,98
26,3,54
26,4,87
26,5,64
26,6,99
26,7,58
26,8,36
26,9,39
26,10,37
26,11,79
26,12,32
26,13,39
26,14,63
26,15,31
26,16,87
26,17,7
26,18,47
26,19,36
26,20,10
26,21,48
26,22,9
26,23,57
26,24,55
26,25,79
26,27,92
26,28,96
26,29,44
26,30,44
26,31,28
26,32,92
26,33,43
26,34,18
26,35,29
26,36,46
26,37,50
26,38,95
26,39,14
26,40,22
26,41,80
26,42,16
26,43,90
26,44,90
26,45,69
26,46,24
26,47,13
26,48,79
26,49,70
27,0,63
27,1,85
27,2,6
27,3,37
27,4,60
27,5,91
27,6,14
27,7,86
27,8,74
27,9,60
27,10,79
27,11,40
27,12,30
27,13,61
27,14,54
27,15,18
27,16,27
27,17,25
27,18,25
27,19,5
27,20,24
27,21,34
27,22,37
27,23,30
27,24,35
27,25,71
27,26,65
27,28,9
27,29,81
27,30,48
27,31,64
27,32,76
27,33,6
27,34,23
27,35,33
27,36,1
27,37,71
27,38,64
27,39,55
27,40,32
27,41,24
27,42,66
27,43,21
27,44,69
27,45,7
27,46,77
27,47,2
27,48,72
27,49,15
28,0,63
28,1,52
28,2,96
28,3,2
28,4,41
28,5,97
28,6,70
28,7,96
28,8,54
28,9,30
28,10,98
28,11,80
28,12,52
28,13,72
28,14,51
28,15,26
28,16,40
28,17,26
28,18,92
28,19,13
28,20,66
28,21,94
28,22,15
28,23,90
28,24,27
28,25,76
28,26,10
28,27,94
28,29,40
28,30,79
28,31,81
28,32,71
28,33,91
28,34,56
28,35,48
28,36,28
28,37,73
28,38,23
28,39,11
28,40,8
28,41,15
28,42,97
28,43,23
28,44,100
28,45,58
28,46,5
28,47,5
28,48,98
28,49,93
29,0,24
29,1,82
29,2,37
29,3,86
29,4,97
29,5,71
29,6,26
29,7,21
29,8,59
29,9,66
29,10,53
29,11,3
29,12,99
29,13,71
29,14,2
29,15,69
29,16,36
29,17,25
29,18,90
29,19,63
29,20,83
29,21,73
29,22,28
29,23,78
29,24,90
29,25,97
29,26,92
29,27,84
29,28,49
29,30,37
29,31,27
29,32,55
29,33,56
29,34,72
29,35,29
29,36,23
29,37,65
29,38,68
29,39,24
29,40,5
29,41,41
29,42,64
29,43,21
29,44,41
29,45,6
29,46,44
29,47,85
29,48,70
29,49,6
30,0,78
30,1,50
30,2,64
30,3,34
30,4,59
30,5,31
30,6,39
30,7,60
30,8,89
30,9,23
30,10,77
30,11,61
30,12,72
30,13,89
30,14,53
30,15,89
30,16,29
30,17,89
30,18,6
30,19,40
30,20,73
30,21,55
30,22,69
30,23,4
30,24,32
30,25,84
30,26,29
30,27,85
30,28,72
30,29,42
30,31,29
30,32,96
30,33,23
30,34,74
30,35,43
30,36,72
30,37,4
30,38,62
30,39,56
30,40,28
30,41,50
30,42,67
30,43,17
30,44,28
30,45,92
30,46,7
30,47,12
30,48,64
30,49,73
31,0,39
31,1,51
31,2,1
31,3,78
31,4,88
31,5,97
31,6,88
31,7,87
31,8,61
31,9,87
31,10,89
31,11,69
31,12,69
31,13,46
31,14,97
31,15,28
31,16,1
31,17,58
31,18,8
31,19,58
31,20,2
31,21,26
31,22,17
31,23,8
31,24,64
31,25,65
31,26,49
31,27,6
31,28,5
31,29,63
31,30,97
31,32,54
31,33,14
31,34,39
31,35,81
31,36,49
31,37,16
31,38,96
31,39,52
31,40,68
31,41,40
31,42,76
31,43,57
31,44,100
31,45,80
31,46,55
31,47,12
31,48,84
31,49,74
32,0,51
32,1,70
32,2,90
32,3,2
32,4,4
32,5,27
32,6,64
32,7,75
32,8,50
32,9,79
32,10,4
32,11,81
32,12,90
32,13,23
32,14,72
32,15,31
32,16,45
32,17,59
32,18,87
32,19,95
32,20,53
32,21,31
32,22,29
32,23,86
32,24,67
32,25,75
32,26,62
32,27,97
32,28,55
32,29,95
32,30,47
32,31,12
32,33,16
32,34,56
32,35,18
32,36,4
32,37,98
32,38,15
32,39,60
32,40,4
32,41,15
32,42,83
32,43,86
32,44,68
32,45,70
32,46,3
32,47,22
32,48,100
32,49,85
33,0,10
33,1,98
33,2,69
33,3,61
33,4,34
33,5,9
33,6,58
33,7,13
33,8,18
33,9,26
33,10,15
33,11,78
33,12,37
33,13,33
33,14,21
33,15,9
33,16,1
33,17,2
33,18,92
33,19,85
33,20,71
33,21,63
33,22,78
33,23,42
33,24,80
33,25,95
33,26,4
33,27,33
33,28,88
33,29,33
33,30,45
33,31,40
33,32,33
33,34,99
33,35,89
33,36,77
33,37,81
33,38,30
33,39,57
33,40,43
33,41,56
33,42,68
33,43,5
33,44,14
33,45,79
33,46,8
33,47,1
33,48,86
33,49,36
34,0,38
34,1,66
34,2,97
34,3,98
34,4,63
34,5,8
34,6,36
34,7,76
34,8,98
34,9,34
34,10,57
34,11,41
34,12,9
34,13,45
34,14,47
34,15,74
34,16,85
34,17,35
34,18,45
34,19,35
34,20,78
34,21,32
34,22,87
34,23,81
34,24,13
34,25,55
34,26,23
34,27,71
34,28,33
34,29,57
34,30,96
34,31,78
34,32,25
34,33,17
34,35,65
34,36,79
34,37,40
34,38,100
34,39,36
34,40,22
34,41,2
34,42,66
34,43,41
34,44,37
34,45,45
34,46,72
34,47,91
34,48,19
34,49,31
35,0,86
35,1,91
35,2,18
35,3,67
35,4,69
35,5,98
35,6,71
35,7,8
35,8,18
35,9,99
35,10,96
35,11,41
35,12,72
35,13,68
35,14,45
35,15,72
35,16,58
35,17,17
35,18,59
35,19,93
35,20,33
35,21,14
35,22,22
35,23,9
35,24,42
35,25,7
35,26,84
35,27,37
35,28,76
35,29,73
35,30,69
35,31,14
35,32,19
35,33,8
35,34,86
35,36,86
35,37,73
35,38,38
35,39,77
35,40,52
35,41,78
35,42,10
35,43,83
35,44,77
35,45,51
35,46,34
35,47,69
35,48,22
35,49,74
36,0,37
36,1,93
36,2,91
36,3,66
36,4,16
36,5,29
36,6,58
36,7,83
36,8,34
36,9,25
36,10,91
36,11,39
36,12,67
36,13,98
36,14,48
36,15,31
36,16,36
36,17,10
36,18,54
36,19,20
36,20,66
36,21,6
36,22,6
36,23,25
36,24,60
36,25,47
36,26,91
36,27,70
36,28,56
36,29,81
36,30,60
36,31,84
36,32,73
36,33,25
36,34,70
36,35,18
36,37,22
36,38,54
36,39,89
36,40,11
36,41,23
36,42,88
36,43,5
36,44,42
36,45,39
36,46,99
36,47,10
36,48,5
36,49,98
37,0,83
37,1,40
37,2,4
37,3,2
37,4,20
37,5,72
37,6,62
37,7,65
37,8,38
37,9,65
37,10,28
37,11,97
37,12,76
37,13,6
37,14,83
37,15,97
37,16,23
37,17,59
37,18,76
37,19,21
37,20,54
37,21,87
37,22,53
37,23,92
37,24,52
37,25,100
37,26,25
37,27,31
37,28,44
37,29,14
37,30,13
37,31,99
37,32,36
37,33,21
37,34,70
37,35,87
37,36,90
37,38,96
37,39,35
37,40,51
37,41,62
37,42,84
37,43,57
37,44,57
37,45,18
37,46,26
37,47,87
37,48,84
37,49,93
38,0,11
38,1,69
38,2,79
38,3,88
38,4,84
38,5,44
38,6,88
38,7,72
38,8,89
38,9,41
38,10,46
38,11,34
38,12,21
38,13,6
38,14,14
38,15,89
38,16,92
38,17,81
38,18,39
38,19,23
38,20,9
38,21,71
38,22,4
38,23,7
38,24,51
38,25,56
38,26,18
38,27,69
38,28,54
38,29,41
38,30,55
38,31,100
38,32,53
38,33,58
38,34,44
38,35,47
38,36,39
38,37,17
38,39,64
38,40,12
38,41,69
38,42,27
38,43,98
38,44,72
38,45,1
38,46,52
38,47,1
38,48,88
38,49,69
39,0,25
39,1,23
39,2,58
39,3,22
39,4,21
39,5,87
39,6,54
39,7,6
39,8,37
39,9,77
39,10,11
39,11,74
39,12,29
39,13,98
39,14,82
39,15,85
39,16,22
39,17,3
39,18,26
39,19,62
39,20,34
39,21,60
39,22,94
39,23,19
39,24,54
39,25,52
39,26,43
39,27,80
39,28,34
39,29,23
39,30,38
39,31,47
39,32,68
39,33,39
39,34,96
39,35,89
39,36,2
39,37,57
39,38,1
39,40,88
39,41,45
39,42,36
39,43,52
39,44,52
39,45,61
39,46,69
39,47,45
39,48,9
39,49,95
40,0,7
40,1,26
40,2,93
40,3,99
40,4,17
40,5,87
40,6,19
40,7,14
40,8,65
40,9,11
40,10,1
40,11,62
40,12,66
40,13,17
40,14,2
40,15,21
40,16,5
40,17,30
40,18,57
40,19,96
40,20,3
40,21,29
40,22,12
40,23,69
40,24,95
40,25,2
40,26,41
40,27,31
40,28,22
40,29,77
40,30,98
40,31,93
40,32,66
40,33,47
40,34,6
40,35,25
40,36,25
40,37,59
40,38,81
40,39,99
40,41,94
40,42,24
40,43,58
40,44,11
40,45,72
40,46,62
40,47,40
40,48,8
40,49,75
41,0,87
41,1,9
41,2,77
41,3,82
41,4,54
41,5,3
41,6,44
41,7,41
41,8,33
41,9,73
41,10,67
41,11,28
41,12,94
41,13,42
41,14,21
41,15,16
41,16,73
41,17,14
41,18,31
41,19,77
41,20,57
41,21,11
41,22,7
41,23,83
41,24,29
41,25,34
41,26,81
41,27,91
41,28,42
41,29,58
41,30,4
41,31,72
41,32,73
41,33,35
41,34,33
41,35,89
41,36,54
41,37,55
41,38,67
41,39,74
41,40,76
41,42,77
41,43,66
41,44,57
41,45,82
41,46,77
41,47,97
41,48,1
41,49,50
42,0,79
42,1,90
42,2,60
42,3,96
42,4,16
42,5,45
42,6,8
42,7,100
42,8,9
42,9,93
42,10,35
42,11,46
42,12,70
42,13,83
42,14,73
42,15,27
42,16,10
42,17,94
42,18,90
42,19,90
42,20,48
42,21,68
42,22,49
42,23,29
42,24,12
42,25,59
42,26,80
42,27,1
42,28,2
42,29,14
42,30,93
42,31,53
42,32,98
42,33,3
42,34,77
42,35,39
42,36,86
42,37,69
42,38,64
42,39,67
42,40,94
42,41,23
42,43,52
42,44,44
42,45,18
42,46,14
42,47,34
42,48,74
42,49,18
44,0,98
44,1,62
44,2,7
44,3,16
44,4,1
44,5,95
44,6,34
44,7,61
44,8,71
44,9,5
44,10,31
44,11,24
44,12,39
44,13,38
44,14,38
44,15,38
44,16,18
44,17,91
44,18,87
44,19,96
44,20,8
44,21,41
44,22,2
44,23,68
44,24,73
44,25,33
44,26,22
44,27,61
44,28,30
44,29,22
44,30,62
44,31,47
44,32,5
44,33,38
44,34,77
44,35,7
44,36,43
44,37,93
44,38,42
44,39,79
44,40,36
44,41,49
44,42,26
44,43,20
44,45,2
44,46,77
44,47,48
44,48,12
44,49,28
45,0,14
45,1,17
45,2,59
45,3,76
45,4,8
45,5,32
45,6,28
45,7,57
45,8,65
45,9,93
45,10,58
45,11,52
45,12,54
45,13,11
45,14,3
45,15,31
45,16,15
45,17,47
45,18,87
45,19,2
45,20,50
45,21,83
45,22,2
45,23,49
45,24,15
45,25,40
45,26,40
45,27,57
45,28,70
45,29,56
45,30,76
45,31,98
45,32,3
45,33,2
45,34,54
45,35,50
45,36,5
45,37,65
45,38,76
45,39,13
45,40,48
45,41,89
45,42,33
45,43,30
45,44,15
45,46,77
45,47,65
45,48,59
45,49,100
46,0,10
46,1,37
46,2,99
46,3,75
46,4,9
46,5,33
46,6,99
46,7,61
46,8,77
46,9,23
46,10,6
46,11,77
46,12,13
46,13,69
46,14,1
46,15,15
46,16,68
46,17,29
46,18,29
46,19,94
46,20,71
46,21,82
46,22,82
46,23,79
46,24,47
46,25,54
46,26,43
46,27,49
46,28,79
46,29,82
46,30,45
46,31,37
46,32,50
46,33,4
46,34,20
46,35,67
46,36,11
46,37,87
46,38,10
46,39,74
46,40,5
46,41,23
46,42,13
46,43,48
46,44,52
46,45,55
46,47,81
46,48,71
46,49,62
47,0,23
47,1,34
47,2,89
47,3,1
47,4,14
47,5,34
47,6,40
47,7,47
47,8,88
47,9,66
47,10,27
47,11,84
47,12,92
47,13,21
47,14,48
47,15,35
47,16,41
47,17,94
47,18,33
47,19,26
47,20,31
47,21,13
47,22,38
47,23,20
47,24,73
47,25,79
47,26,86
47,27,4
47,28,45
47,29,20
47,30,87
47,31,99
47,32,59
47,33,22
47,34,66
47,35,37
47,36,61
47,37,28
47,38,66
47,39,16
47,40,28
47,41,5
47,42,54
47,43,35
47,44,48
47,45,16
47,46,59
47,48,22
47,49,72
48,0,62
48,1,71
48,2,16
48,3,32
48,4,2
48,5,22
48,6,52
48,7,5
48,8,2
48,9,82
48,10,61
48,11,13
48,12,64
48,13,85
48,14,69
48,15,6
48,16,62
48,17,69
48,18,6
48,19,33
48,20,12
48,21,72
48,22,92
48,23,28
48,24,58
48,25,64
48,26,15
48,27,45
48,28,95
48,29,20
48,30,5
48,31,81
48,32,64
48,33,21
48,34,20
48,35,53
48,36,2
48,37,78
48,38,90
48,39,78
48,40,35
48,41,73
48,42,72
48,43,28
48,44,18
48,45,78
48,46,54
48,47,53
48,49,49
49,0,63
49,1,19
49,2,78
49,3,53
49,4,27
49,5,11
49,6,97
49,7,82
49,8,6
49,9,73
49,10,27
49,11,96
49,12,79
49,13,10
49,14,29
49,15,39
49,16,9
49,17,14
49,18,87
49,19,100
49,20,83
49,21,98
49,22,95
49,23,65
49,24,50
49,25,62
49,26,81
49,27,36
49,28,76
49,29,55
49,30,39
49,31,19
49,32,83
49,33,82
49,34,64
49,35,28
49,36,41
49,37,91
49,38,80
49,39,18
49,40,92
49,41,25
49,42,81
49,43,79
49,44,64
49,45,87
49,46,83
49,47,86
49,48,100
